gbifID;occurrenceStatus;decimalLatitude;decimalLongitude;coordinateUncertaintyInMeters;depth;depthAccuracy;eventDate
1272049741;present;33.76317;-118.25259;;;;2000-01-01T00:00:00Z
1272049725;present;33.76306;-118.19139;;;;2000-08-01T00:00:00Z
1272049709;present;34.14815;-119.20382;;;;2000-09-14T00:00:00Z
1272049722;present;33.7128;-118.05434;;;;2001-07-12T00:00:00Z
1272049726;present;33.60852;-117.92022;;;;2001-08-15T00:00:00Z
1272049776;present;33.60943;-117.89577;;;;2001-08-15T00:00:00Z
1272049740;present;40.79762;-124.18615;;;;2001-09-18T00:00:00Z
1272049744;present;38.114;-122.85567;;;;2001-09-19T00:00:00Z
1272049764;present;38.1444;-122.90055;;;;2001-09-19T00:00:00Z
1272049755;present;38.14667;-122.8835;;;;2001-09-19T00:00:00Z
1272049743;present;37.96243;-122.41875;;;;2004-05-26T00:00:00Z
1272049757;present;32.69923;-117.16842;;;;2005-04-27T00:00:00Z
1272049745;present;37.81456;-122.37122;;;;2005-06-08T00:00:00Z
1272049697;present;32.68613;-117.23476;;;;2005-06-28T00:00:00Z
1272049750;present;32.70623;-117.18861;;;;2005-06-28T00:00:00Z
1272049678;present;32.64773;-117.12693;;;;2005-06-29T00:00:00Z
1272049698;present;32.69923;-117.16842;;;;2005-06-29T00:00:00Z
1272049711;present;37.88826;-122.44446;;;;2005-07-07T00:00:00Z
1272049769;present;37.91369;-122.35035;;;;2005-07-08T00:00:00Z
1272049706;present;37.80655;-122.44626;;;;2005-09-08T00:00:00Z
1272049713;present;37.80852;-122.40601;;;;2005-09-08T00:00:00Z
1272049666;present;37.86001;-122.32557;;;;2005-10-04T00:00:00Z
1272049710;present;37.90845;-122.39126;;;;2005-10-06T00:00:00Z
1272049690;present;37.91006;-122.36436;;;;2005-10-06T00:00:00Z
1272049707;present;37.91369;-122.35035;;;;2005-10-06T00:00:00Z
1272049708;present;37.92065;-122.36842;;;;2005-10-06T00:00:00Z
1272049692;present;37.9228;-122.4105;;;;2005-10-06T00:00:00Z
1272049727;present;38.02306;-122.29277;;;;2005-10-19T00:00:00Z
1272049700;present;38.10147;-122.26949;;;;2005-10-19T00:00:00Z
1272049723;present;38.10508;-122.26672;;;;2005-10-19T00:00:00Z
1272049731;present;37.96429;-122.41846;;;;2005-10-20T00:00:00Z
1272049752;present;38.04456;-122.43262;;;;2005-10-20T00:00:00Z
1272049682;present;37.85884;-122.47977;;;;2005-10-21T00:00:00Z
1272049696;present;37.86798;-122.43497;;;;2005-10-21T00:00:00Z
1272049688;present;37.89063;-122.44577;;;;2005-10-21T00:00:00Z
1272049704;present;38.06612;-122.22987;;;;2005-11-14T00:00:00Z
1272049729;present;38.0025;-122.46168;;;;2005-11-15T00:00:00Z
1272049767;present;37.82534;-122.42228;;;;2005-11-16T00:00:00Z
1272049760;present;35.35889;-120.85239;;;;2006-07-28T00:00:00Z
1272049732;present;38.14656;-122.88324;;;;2006-08-10T00:00:00Z
1272049789;present;38.19905;-122.92195;;;;2006-08-10T00:00:00Z
1272049738;present;33.98302;-118.45639;;;;2006-08-25T00:00:00Z
1272049691;present;33.6082;-117.91949;;;;2006-09-14T00:00:00Z
1272049724;present;33.61942;-117.89325;;;;2006-09-14T00:00:00Z
1272049681;present;33.62128;-117.93636;;;;2006-09-14T00:00:00Z
1272049694;present;49.001844;-123.321533;;;;2007-01-01T00:00:00Z
1272049660;present;49.493107;-126.743774;;;;2007-01-01T00:00:00Z
1272049717;present;37.81486;-122.37022;;;;2010-06-03T00:00:00Z
1272049705;present;37.86001;-122.32557;;;;2010-06-03T00:00:00Z
1272049719;present;38.06612;-122.22987;;;;2010-06-11T00:00:00Z
1272049721;present;37.99615;-122.45564;;;;2010-06-12T00:00:00Z
1272049712;present;38.0025;-122.46168;;;;2010-06-12T00:00:00Z
1272049730;present;37.90845;-122.39126;;;;2010-06-28T00:00:00Z
1272049716;present;37.91006;-122.36436;;;;2010-06-28T00:00:00Z
1272049742;present;37.92065;-122.36842;;;;2010-06-28T00:00:00Z
1272049695;present;38.02306;-122.29277;;;;2010-06-30T00:00:00Z
1272049676;present;38.03938;-122.27165;;;;2010-06-30T00:00:00Z
1272049736;present;37.97203;-122.48322;;;;2010-07-01T00:00:00Z
1272049747;present;37.80655;-122.44626;;;;2010-07-12T00:00:00Z
1272049714;present;37.86798;-122.43497;;;;2010-07-13T00:00:00Z
1272049733;present;37.89063;-122.44577;;;;2010-07-14T00:00:00Z
1272049679;present;37.91464;-122.47763;;;;2010-07-14T00:00:00Z
1272049702;present;37.96429;-122.41846;;;;2010-07-14T00:00:00Z
1272049687;present;38.04456;-122.43262;;;;2010-07-15T00:00:00Z
1272049728;present;38.10147;-122.26949;;;;2010-07-29T00:00:00Z
1272049686;present;37.82534;-122.42228;;;;2010-11-05T00:00:00Z
2482087694;present;43.41916;5.17441;100;;;2015-05-22T00:00:00Z
2482087693;present;43.42546;5.18123;100;;;2016-09-09T00:00:00Z
2518555921;present;-38.42;145.53;;;;2000-01-01T00:00:00Z
1272538475;present;-37.87;144.9;;;;2000-02-10T00:00:00Z
1272538499;present;-37.93;144.93;;;;2000-02-16T00:00:00Z
2268651705;present;37.49703;-122.1015;;6.4;0;2000-08-01T00:00:00Z
2268669988;present;37.61958;-122.332;;5.2;0;2000-08-01T00:00:00Z
2268665674;present;37.65778;-122.1939;;1.5;0;2000-08-01T00:00:00Z
2268664115;present;37.67127;-122.2574;;5.2;0;2000-08-01T00:00:00Z
2268654809;present;37.6884;-122.2425;;4.3;0;2000-08-01T00:00:00Z
2268672973;present;37.73627;-122.2903;;4.3;0;2000-08-01T00:00:00Z
2268715137;present;37.81328;-122.3416;;4.3;0;2000-08-01T00:00:00Z
2268680817;present;37.8544;-122.3382;;2.4;0;2000-08-01T00:00:00Z
2268713213;present;37.95235;-122.4229;;1.8;0;2000-08-01T00:00:00Z
2268711832;present;38.02747;-122.3331;;4.3;0;2000-08-01T00:00:00Z
2268716470;present;38.04943;-122.4206;;;;2000-08-01T00:00:00Z
2268670472;present;38.06973;-122.2419;;1.8;0;2000-08-01T00:00:00Z
1132293274;present;-41.13333;146.86666;;;;2001-04-24T00:00:00Z
1132293262;present;-41.13333;146.86666;;;;2001-04-25T00:00:00Z
1085619258;present;-41.161;146.925;1000;;;2001-04-26T00:00:00Z
1085619785;present;-41.1434;146.9016;100;;;2001-04-26T00:00:00Z
2268685372;present;38.02667;-122.4015;;6.7;0;2001-08-10T00:00:00Z
2268671607;present;38.04483;-122.387;;3.4;0;2001-08-10T00:00:00Z
2268641995;present;37.77645;-122.3383;;12.8;0;2001-08-13T00:00:00Z
2268672735;present;37.57262;-122.2515;;1.5;0;2001-08-16T00:00:00Z
2268724582;present;37.62786;-122.3146;;11.3;0;2001-08-16T00:00:00Z
2268716300;present;37.63348;-122.3763;;2.4;0;2001-08-16T00:00:00Z
2268690588;present;37.69772;-122.2906;;7.6;0;2001-08-19T00:00:00Z
2268712897;present;37.71192;-122.3723;;3.4;0;2001-08-19T00:00:00Z
2268686982;present;37.58017;-122.26;;2.1;0;2001-08-20T00:00:00Z
2268715014;present;37.48742;-122.1075;;0.9;0;2001-08-21T00:00:00Z
2268673355;present;37.54557;-122.1966;;0.6;0;2001-08-21T00:00:00Z
2268684610;present;37.7757;-122.2425;;10.7;0;2001-08-23T00:00:00Z
2268653496;present;37.96973;-122.4167;;15.9;0;2001-08-29T00:00:00Z
1912986131;present;-41.3045;148.2924;100;;;2003-01-01T00:00:00Z
1913014065;present;-41.0583;146.7894;1000;;;2004-11-12T00:00:00Z
1655770757;present;-41.0583;146.7894;1000;;;2004-11-12T00:00:00Z
1085883177;present;1.2;103.366667;;;;2006-02-02T00:00:00Z
1272531005;present;-37.8;148.53;;;;2006-02-28T00:00:00Z
1085883459;present;-34.833333;138.5;;;;2006-03-01T00:00:00Z
1085883505;present;1.41;103.939667;;;;2006-04-17T00:00:00Z
1272530409;present;-38.2429;145.265;;0;0;2006-05-25T00:00:00Z
2268710298;present;37.90257;-123.416;;134;0;2006-07-03T00:00:00Z
2268713482;present;37.91136;-123.4204;;134;0;2006-07-03T00:00:00Z
2268628599;present;37.91557;-123.4218;;136;0;2006-07-03T00:00:00Z
2518569801;present;-37.87;147.98;;;;2007-08-25T00:00:00Z
1085896563;present;22.79745;120.22205;;;;2007-09-14T00:00:00Z
1085889205;present;-16.416667;145.45;;;;2007-12-04T00:00:00Z
1085889663;present;1.2;103.366667;;;;2008-01-28T00:00:00Z
1085889480;present;1.2;103.366667;;;;2008-01-29T00:00:00Z
1085889739;present;1.2;103.366667;;;;2008-01-31T00:00:00Z
2265767725;present;33.62;131.19;;;;2008-06-02T12:00:00Z
2265770161;present;33.6914;135.3903;;;;2008-06-21T10:45:00Z
2265771421;present;33.6922;135.3883;;;;2008-06-21T14:45:00Z
2265766694;present;32.544;130.4102;;;;2008-07-02T11:30:00Z
1085891605;present;1.2;103.366667;;;;2008-07-03T00:00:00Z
1085891643;present;-36.870883;174.904017;;;;2008-11-15T00:00:00Z
1272588965;present;-38.68;146.83;;;;2009-03-17T00:00:00Z
2265765634;present;32.54;130.43;;;;2009-05-07T11:40:00Z
2265766568;present;32.5404;130.4269;;;;2009-05-07T11:40:00Z
2265766556;present;32.5404;130.4269;;;;2009-05-07T11:40:00Z
2265766542;present;32.5404;130.4269;;;;2009-05-07T11:40:00Z
2265766266;present;32.5404;130.4268;;;;2009-05-07T11:40:00Z
2265766214;present;32.5404;130.4269;;;;2009-05-07T11:40:00Z
2265765963;present;32.5404;130.4268;;;;2009-05-07T11:40:00Z
2265767453;present;32.54;130.4271;;;;2009-05-07T13:25:00Z
2265766292;present;32.54;130.4271;;;;2009-05-07T13:25:00Z
2265766790;present;32.5401;130.4273;;;;2009-05-07T13:25:00Z
2265766521;present;32.5401;130.4273;;;;2009-05-07T13:25:00Z
2265766481;present;32.5401;130.4272;;;;2009-05-07T13:25:00Z
2265766348;present;32.5401;130.4272;;;;2009-05-07T13:25:00Z
2265766099;present;32.54;130.41;;;;2009-05-08T11:45:00Z
2265766517;present;32.544;130.4101;;;;2009-05-08T11:45:00Z
2265766422;present;32.544;130.4101;;;;2009-05-08T11:45:00Z
2265767142;present;32.5431;130.4103;;;;2009-05-08T13:10:00Z
2265766432;present;32.5431;130.4103;;;;2009-05-08T13:10:00Z
2265765330;present;37.8198;140.9813;;;;2009-05-23T09:30:00Z
2265765128;present;37.82;140.98;;;;2009-05-23T09:30:00Z
2265768085;present;33.6177;131.1947;;;;2009-06-08T16:50:00Z
2265768961;present;34.6966;137.3205;;;;2009-06-09T11:30:00Z
2265768429;present;34.6966;137.3205;;;;2009-06-09T11:30:00Z
2265770278;present;34.6843;137.2935;;;;2009-06-09T15:30:00Z
2265770090;present;34.6843;137.2935;;;;2009-06-09T15:30:00Z
2265769983;present;34.6843;137.2935;;;;2009-06-09T15:30:00Z
2265769205;present;34.6843;137.2941;;;;2009-06-09T15:30:00Z
2265769165;present;34.6843;137.2941;;;;2009-06-09T15:30:00Z
2265769155;present;34.6843;137.2941;;;;2009-06-09T15:30:00Z
2265769027;present;34.6843;137.2941;;;;2009-06-09T15:30:00Z
2265768977;present;34.6843;137.2935;;;;2009-06-09T15:30:00Z
2265768953;present;34.6843;137.2941;;;;2009-06-09T15:30:00Z
2265768795;present;34.6843;137.2941;;;;2009-06-09T15:30:00Z
2265768769;present;34.6843;137.2941;;;;2009-06-09T15:30:00Z
2265768263;present;34.6843;137.2941;;;;2009-06-09T15:30:00Z
2265768726;present;34.6864;137.2941;;;;2009-06-09T15:30:00Z
2265768466;present;34.6864;137.2941;;;;2009-06-09T15:30:00Z
2265767580;present;33.6115;131.1905;;;;2009-06-09T15:50:00Z
2265763277;present;35.41;139.89;;;;2009-06-10T08:35:00Z
2265769030;present;34.6949;137.321;;;;2009-06-10T11:30:00Z
2265768806;present;34.6949;137.321;;;;2009-06-10T11:30:00Z
2265769563;present;34.6955;137.3208;;;;2009-06-10T11:30:00Z
2265768855;present;34.6955;137.3208;;;;2009-06-10T11:30:00Z
2265770874;present;33.69;135.39;;;;2009-06-23T11:10:00Z
2265771009;present;33.6922;135.3881;;;;2009-06-23T11:10:00Z
2265771007;present;33.6922;135.3883;;;;2009-06-23T11:10:00Z
2265770807;present;33.6922;135.3883;;;;2009-06-23T11:10:00Z
2265770296;present;33.6922;135.3883;;;;2009-06-23T11:10:00Z
2265770152;present;33.6922;135.3881;;;;2009-06-23T11:10:00Z
2265770849;present;33.6925;135.3883;;;;2009-06-23T11:10:00Z
2265770414;present;33.6914;135.3903;;;;2009-06-23T15:00:00Z
2265769927;present;33.6914;135.3903;;;;2009-06-23T15:00:00Z
2265771079;present;33.7;135.3828;;;;2009-06-24T12:30:00Z
1085895897;present;-31.946667;115.8814;;;;2010-01-01T00:00:00Z
1913032017;present;-40.7634;148.0355;100;;;2010-01-24T00:00:00Z
1655792552;present;-40.7634;148.0355;100;;;2010-01-24T00:00:00Z
1272609974;present;-38.68;146.83;;;;2010-03-07T00:00:00Z
2265766423;present;32.5406;130.4271;;;;2010-04-28T12:50:00Z
2265766046;present;32.5399;130.427;;;;2010-04-28T14:10:00Z
2265766317;present;32.54;130.43;;;;2010-04-28T14:10:00Z
2265765813;present;32.54;130.41;;;;2010-04-29T12:30:00Z
2265766491;present;32.5439;130.41;;;;2010-04-29T12:30:00Z
2265766246;present;32.5439;130.41;;;;2010-04-29T12:30:00Z
2265766018;present;32.54;130.41;;;;2010-04-29T13:50:00Z
2265767488;present;32.5434;130.41;;;;2010-04-29T13:50:00Z
2265767395;present;32.5435;130.41;;;;2010-04-29T13:50:00Z
2265770099;present;34.6966;137.3203;;;;2010-05-17T12:20:00Z
2265769689;present;34.6947;137.321;;;;2010-05-17T13:50:00Z
2265769680;present;34.6947;137.321;;;;2010-05-17T13:50:00Z
2265769601;present;34.6947;137.321;;;;2010-05-17T13:50:00Z
2265765596;present;37.8198;140.9814;;;;2010-05-18T14:25:00Z
2265770383;present;33.6914;135.3903;;;;2010-06-13T10:51:00Z
2265769673;present;33.69;135.39;;;;2010-06-13T14:02:00Z
2265770819;present;33.6922;135.3883;;;;2010-06-13T14:02:00Z
2265770768;present;33.6922;135.3878;;;;2010-06-13T14:02:00Z
2265770690;present;33.6922;135.3881;;;;2010-06-13T14:02:00Z
1272640380;present;-38.05;147.57;;;;2010-09-01T00:00:00Z
1085895200;present;-16.416667;145.45;;;;2010-12-23T00:00:00Z
1272610033;present;-37.57;149.77;;;;2011-01-22T00:00:00Z
1085896099;present;-36.877;174.980317;;;;2011-04-15T00:00:00Z
2265766314;present;32.54;130.41;;;;2011-04-17T11:40:00Z
2265766597;present;32.54;130.43;;;;2011-04-17T12:00:00Z
2265766945;present;32.5405;130.427;;;;2011-04-17T12:00:00Z
2265767046;present;32.5435;130.41;;;;2011-04-17T12:30:00Z
1085896233;present;1.2;103.366667;;;;2011-05-21T00:00:00Z
2265770243;present;34.6965;137.3203;;;;2011-06-05T14:20:00Z
2265769766;present;34.6965;137.3204;;;;2011-06-05T14:20:00Z
2265769430;present;34.6965;137.3203;;;;2011-06-05T14:20:00Z
2265770322;present;34.6966;137.3204;;;;2011-06-05T14:20:00Z
2265769894;present;34.6966;137.3204;;;;2011-06-05T14:20:00Z
2265769763;present;34.6966;137.3204;;;;2011-06-05T14:20:00Z
2265769455;present;34.6956;137.3209;;;;2011-06-05T15:00:00Z
2265763335;present;35.41;139.89;;;;2011-06-16T09:35:00Z
2265764443;present;35.4128;139.8969;;;;2011-06-16T09:35:00Z
2265764064;present;35.4128;139.8969;;;;2011-06-16T09:35:00Z
2265771374;present;33.6922;135.3878;;;;2011-06-17T00:00:00Z
2265770783;present;33.6922;135.3881;;;;2011-06-17T00:00:00Z
2265770548;present;33.6922;135.3883;;;;2011-06-17T00:00:00Z
2265771258;present;33.6925;135.3881;;;;2011-06-17T00:00:00Z
2265766726;present;33.6;131.23;;;;2011-06-17T13:42:00Z
2265770722;present;33.7;135.38;;;;2011-06-18T10:50:00Z
2265770885;present;33.7003;135.3825;;;;2011-06-18T10:50:00Z
2265770729;present;33.7;135.3831;;;;2011-06-18T12:38:00Z
2265764598;present;24.44;124.14;;;;2011-06-19T15:30:00Z
1085896669;present;-37.894217;147.85315;;;;2011-09-17T00:00:00Z
1913039674;present;-43.1128;147.2671;1000;;;2012-01-22T00:00:00Z
1655797974;present;-43.1128;147.2671;1000;;;2012-01-22T00:00:00Z
857001089;present;33.8369;-118.392;100;12.085;12.085;2012-01-28T18:06:00Z
1085897961;present;-31.946667;115.8814;;;;2012-02-25T00:00:00Z
1085897564;present;-7.733333;114.183333;;;;2012-04-01T00:00:00Z
2265766596;present;32.5439;130.4103;;;;2012-04-21T13:42:00Z
2265766882;present;32.54;130.4271;;;;2012-04-22T14:20:00Z
2265770340;present;34.6965;137.3203;;;;2012-05-25T15:12:00Z
2265770008;present;34.6965;137.3203;;;;2012-05-25T15:12:00Z
2265768041;present;34.7;137.32;;;;2012-05-25T15:12:00Z
2265770624;present;34.6955;137.3208;;;;2012-05-25T15:46:00Z
2265769573;present;34.6956;137.3208;;;;2012-05-25T15:46:00Z
2265768628;present;34.7;137.32;;;;2012-05-25T15:46:00Z
2265770198;present;34.6947;137.321;;;;2012-05-25T16:10:00Z
2265770192;present;34.6947;137.321;;;;2012-05-25T16:10:00Z
2265770084;present;34.6947;137.321;;;;2012-05-25T16:10:00Z
2265769922;present;34.6947;137.321;;;;2012-05-25T16:10:00Z
2265769714;present;34.6947;137.321;;;;2012-05-25T16:10:00Z
2265769448;present;34.6947;137.321;;;;2012-05-25T16:10:00Z
2265769068;present;34.6947;137.321;;;;2012-05-25T16:10:00Z
2265768549;present;34.7;137.32;;;;2012-05-25T16:10:00Z
2265763384;present;35.41;139.89;;;;2012-06-03T08:30:00Z
2265763563;present;35.41;139.89;;;;2012-06-03T10:30:00Z
2265764785;present;37.82;140.98;;;;2012-06-20T11:30:00Z
2265765312;present;37.8203;140.9813;;;;2012-06-20T11:30:00Z
2265765268;present;37.8203;140.9812;;;;2012-06-20T11:30:00Z
2265765224;present;37.8203;140.9812;;;;2012-06-20T11:30:00Z
2265770303;present;33.6922;135.3881;;;;2012-06-22T00:00:00Z
2265767559;present;33.6;131.23;;;;2012-07-05T15:42:00Z
2265768248;present;33.6091;131.2333;;;;2012-07-05T15:42:00Z
2265768243;present;33.6091;131.2333;;;;2012-07-05T15:42:00Z
2265768204;present;33.6091;131.2333;;;;2012-07-05T15:42:00Z
1085898572;present;-12.416667;130.783333;;;;2012-08-07T00:00:00Z
1272271242;present;-32.0518;115.7404;;;;2013-01-01T00:00:00Z
1272271205;present;-32.0518;115.7404;;;;2013-01-01T00:00:00Z
1272271190;present;-32.0518;115.7404;;;;2013-01-01T00:00:00Z
1085899865;present;-36.880767;174.981317;;;;2013-02-23T00:00:00Z
2265770665;present;34.6966;137.3203;;;;2013-04-12T00:00:00Z
2265767763;present;32.5403;130.4269;;;;2013-04-24T13:40:00Z
2265767393;present;32.5403;130.4268;;;;2013-04-24T13:40:00Z
2265767156;present;32.5403;130.4269;;;;2013-04-24T13:40:00Z
2265766655;present;32.5403;130.4269;;;;2013-04-24T13:40:00Z
2265766978;present;32.54;130.4271;;;;2013-04-24T14:40:00Z
2265767049;present;32.5403;130.4272;;;;2013-04-24T14:40:00Z
2265766875;present;32.5404;130.4272;;;;2013-04-24T14:40:00Z
2265766413;present;32.5404;130.4272;;;;2013-04-24T14:40:00Z
2265766922;present;32.544;130.4101;;;;2013-04-25T12:11:00Z
2265766708;present;32.544;130.4101;;;;2013-04-25T12:11:00Z
2265766634;present;32.5441;130.4099;;;;2013-04-25T12:11:00Z
2265766385;present;32.5441;130.41;;;;2013-04-25T12:11:00Z
2265766362;present;32.5441;130.41;;;;2013-04-25T12:11:00Z
2265768299;present;32.5434;130.4098;;;;2013-04-25T12:30:00Z
2265767425;present;32.5434;130.4098;;;;2013-04-25T12:30:00Z
2265767008;present;32.5434;130.4098;;;;2013-04-25T12:30:00Z
2265766890;present;32.5434;130.4097;;;;2013-04-25T12:30:00Z
2265766675;present;32.5434;130.4097;;;;2013-04-25T12:30:00Z
2265767110;present;32.5435;130.4097;;;;2013-04-25T12:30:00Z
2265766894;present;32.54;130.41;;;;2013-04-25T14:23:00Z
2265766907;present;32.54;130.41;;;;2013-04-25T15:56:00Z
2265765619;present;37.8203;140.9812;;;;2013-06-11T11:15:00Z
2265765564;present;37.8203;140.9812;;;;2013-06-11T11:15:00Z
2265765925;present;37.7809;140.9796;;;;2013-06-12T11:30:00Z
2265765891;present;37.781;140.9795;;;;2013-06-12T11:30:00Z
2265765868;present;37.781;140.9795;;;;2013-06-12T11:30:00Z
2265767905;present;33.6175;131.1947;;;;2013-06-24T13:00:00Z
2265768508;present;33.6177;131.1947;;;;2013-06-24T13:00:00Z
2265768747;present;33.6178;131.1948;;;;2013-06-24T13:00:00Z
2265767613;present;33.6178;131.1948;;;;2013-06-24T13:00:00Z
2265771307;present;33.6923;135.3881;;;;2013-06-24T13:40:00Z
2265771415;present;33.6924;135.388;;;;2013-06-24T13:40:00Z
2265770870;present;33.6925;135.388;;;;2013-06-24T13:40:00Z
2265771143;present;33.7003;135.3829;;;;2013-06-25T12:30:00Z
2265769009;present;33.6146;131.2361;;;;2013-07-09T16:04:00Z
2265769944;present;34.69657;137.32031;;;;2014-04-17T13:32:00Z
2265769154;present;34.7;137.32;;;;2014-04-17T13:32:00Z
2265770058;present;34.69466;137.32101;;;;2014-04-17T14:50:00Z
2265771355;present;34.69467;137.32103;;;;2014-04-17T14:50:00Z
2265770392;present;34.69467;137.32098;;;;2014-04-17T14:50:00Z
2265770896;present;34.69469;137.32101;;;;2014-04-17T14:50:00Z
2265770719;present;34.69469;137.32103;;;;2014-04-17T14:50:00Z
2265769087;present;34.7;137.32;;;;2014-04-17T14:50:00Z
2265766748;present;32.5442;130.4102;;;;2014-04-29T13:30:00Z
2265766733;present;32.5442;130.4101;;;;2014-04-29T13:30:00Z
2265766697;present;32.5442;130.41;;;;2014-04-29T13:30:00Z
2265766881;present;32.5443;130.4103;;;;2014-04-29T13:30:00Z
2265766601;present;32.5443;130.4103;;;;2014-04-29T13:30:00Z
2265766557;present;32.5434;130.4102;;;;2014-04-29T14:00:00Z
2265766425;present;32.5434;130.4102;;;;2014-04-29T14:00:00Z
2265767510;present;32.5435;130.4102;;;;2014-04-29T14:00:00Z
2265767173;present;32.5435;130.41;;;;2014-04-29T14:00:00Z
2265766311;present;32.5435;130.41;;;;2014-04-29T14:00:00Z
2265766666;present;32.5436;130.4099;;;;2014-04-29T14:00:00Z
2265766411;present;32.5436;130.4099;;;;2014-04-29T14:00:00Z
2265766444;present;32.54;130.41;;;;2014-04-29T14:25:00Z
2265766985;present;32.5404;130.4268;;;;2014-04-30T13:20:00Z
2265767908;present;32.5405;130.4269;;;;2014-04-30T13:20:00Z
2265767637;present;32.5405;130.427;;;;2014-04-30T13:20:00Z
2265767468;present;32.5405;130.4269;;;;2014-04-30T13:20:00Z
2265767099;present;32.5405;130.427;;;;2014-04-30T13:20:00Z
2265767093;present;32.5405;130.4269;;;;2014-04-30T13:20:00Z
2265767581;present;32.5403;130.4272;;;;2014-04-30T14:00:00Z
2265767445;present;32.5403;130.4272;;;;2014-04-30T14:00:00Z
2265767420;present;32.5403;130.4272;;;;2014-04-30T14:00:00Z
2265767364;present;32.5403;130.4272;;;;2014-04-30T14:00:00Z
2265767169;present;32.5403;130.4273;;;;2014-04-30T14:00:00Z
2265767128;present;32.5403;130.4272;;;;2014-04-30T14:00:00Z
2265766689;present;32.5403;130.4273;;;;2014-04-30T14:00:00Z
2248452172;present;32.716667;130.55;;;;2014-05-01T00:00:00Z
1085902812;present;-36.881633;174.9837;;;;2014-05-14T00:00:00Z
1085902823;present;-36.881633;174.9837;;;;2014-06-07T00:00:00Z
2265767148;present;37.8203;140.9811;;;;2014-06-11T09:50:00Z
2265765729;present;37.8203;140.9813;;;;2014-06-11T09:50:00Z
2265765115;present;37.8203;140.9812;;;;2014-06-11T09:50:00Z
2265771164;present;33.6924;135.3882;;;;2014-06-13T14:00:00Z
2265767402;present;33.6;131.23;;;;2014-06-14T16:17:00Z
2265769439;present;33.61771;131.19464;;;;2014-06-15T15:07:00Z
2265769913;present;33.6178;131.1947;;;;2014-06-15T15:07:00Z
2265769062;present;33.6178;131.1947;;;;2014-06-15T15:07:00Z
2265768642;present;33.6178;131.1947;;;;2014-06-15T15:07:00Z
2265768586;present;33.6178;131.1947;;;;2014-06-15T15:07:00Z
2265768184;present;33.6178;131.1947;;;;2014-06-15T15:07:00Z
2265766796;present;33.62;131.19;;;;2014-06-15T15:07:00Z
1272638865;present;-37.8967;147.858;;0.25;0.25;2014-11-25T00:00:00Z
1272638885;present;-37.8607;147.983;;0.25;0.25;2014-11-25T00:00:00Z
1559717918;present;50.87474;-1.3682;100;;;2016-05-09T00:00:00Z
1559689052;present;50.87474;-1.3682;100;;;2016-05-09T00:00:00Z
1559647161;present;50.87474;-1.3682;100;;;2016-05-09T00:00:00Z
1559637663;present;50.87474;-1.3682;100;;;2016-05-09T00:00:00Z
1559586802;present;50.87474;-1.3682;100;;;2016-05-09T00:00:00Z
1559573389;present;50.87474;-1.3682;100;;;2016-05-09T00:00:00Z
1559738860;present;50.87474;-1.3682;100;;;2016-05-10T00:00:00Z
1559652707;present;50.87474;-1.3682;100;;;2016-05-10T00:00:00Z
1559609809;present;50.87474;-1.3682;100;;;2016-05-10T00:00:00Z
1803153567;present;-36.9292;174.8675;1000;;;
1803153568;present;-36.9189;174.8594;1000;;;
1803153624;present;-36.9036;174.8709;1000;;;
1803153626;present;-36.8913;174.8773;1000;;;
1803153611;present;-36.8832;174.8907;1000;;;
1803153635;present;-36.8692;174.8948;1000;;;
1803153556;present;-36.8689;174.8124;1000;;;
1803153554;present;-36.8509;174.6667;1000;;;
1803153584;present;-36.8497;174.7017;1000;;;
1803153578;present;-36.8494;174.6873;1000;;;
1803153558;present;-36.8425;174.726;1000;;;
1803153636;present;-36.8392;174.7326;1000;;;
1803153646;present;-36.8365;174.674;1000;;;
1803153628;present;-36.8357;174.6889;1000;;;
1803153621;present;-36.8343;174.7248;1000;;;
1803153569;present;-36.8333;174.7908;1000;;;
1803153582;present;-36.8265;174.6687;1000;;;
1803153632;present;-36.8212;174.743;1000;;;
1803153598;present;-36.8181;174.65;1000;;;
1803153588;present;-36.8152;174.8117;1000;;;
1803153630;present;-36.8133;174.6711;1000;;;
1803153577;present;-36.787;174.6807;1000;;;
1803153544;present;-36.7745;174.6533;1000;;;
1803153608;present;-36.7729;174.6243;1000;;;
1803153602;present;-36.7727;174.6083;1000;;;
1655794443;present;-41.3241;148.2538;100;;;
1655794473;present;-41.2807;148.3229;100;;;
1272534277;present;-37.88;144.9;;;;
1272534243;present;-37.82;144.92;;0;;
1698595583;present;35.049999;132.366669;;;;
2444780813;present;-20.1;57.5167;;;;2000-09-17T00:00:00Z
609452219;present;37.664194;-122.373389;;;;2001-03-15T00:00:00Z
609452195;present;37.664194;-122.373389;;;;2001-03-15T00:00:00Z
609459856;present;37.77983;-122.25514;;1;;2001-03-15T00:00:00Z
609452262;present;37.676778;-122.379639;;;;2001-03-21T00:00:00Z
609452514;present;37.423722;-122.314889;;1;;2001-03-24T00:00:00Z
609452481;present;37.590389;-122.314889;;1;;2001-03-24T00:00:00Z
609452471;present;37.590389;-122.314889;;1;;2001-03-24T00:00:00Z
609452463;present;37.590389;-122.314889;;1;;2001-03-24T00:00:00Z
609452452;present;37.590389;-122.314889;;1;;2001-03-24T00:00:00Z
609452676;present;37.779917;-122.38375;;;;2001-03-24T00:00:00Z
609453561;present;37.780083;-122.253333;;1;;2001-03-24T00:00:00Z
609453360;present;37.807167;-122.441861;;1;;2001-03-24T00:00:00Z
609453211;present;37.816056;-122.368778;;1;;2001-03-24T00:00:00Z
295293831;present;36.74818;137.21277;;;;2001-03-29T00:00:00Z
295293830;present;36.74818;137.21277;;;;2001-03-29T00:00:00Z
609453467;present;37.75171;-122.25346;;;;2001-03-31T00:00:00Z
609452732;present;37.86582;-122.31441;;1;;2001-03-31T00:00:00Z
609453713;present;37.91373;-122.35358;;1;;2001-03-31T00:00:00Z
609454879;present;37.49639;-122.22115;;1.22;;2001-04-27T00:00:00Z
609454933;present;37.50108;-122.22402;;0.3;;2001-04-27T00:00:00Z
609454932;present;37.50108;-122.22402;;0.3;;2001-04-27T00:00:00Z
609453744;present;37.50108;-122.22402;;1;;2001-04-27T00:00:00Z
609453914;present;37.57975;-122.24815;;13.4;;2001-05-01T00:00:00Z
609455171;present;37.671;-122.31467;;9.4;;2001-06-04T00:00:00Z
609455105;present;37.92983;-122.4775;;3.4;;2001-06-06T00:00:00Z
609455060;present;37.98967;-122.413167;;3.2;;2001-06-07T00:00:00Z
609455031;present;38.0228;-122.433;;3.1;;2001-06-07T00:00:00Z
609455039;present;38.0555;-122.42783;;3.7;;2001-06-07T00:00:00Z
609455037;present;38.0555;-122.42783;;3.7;;2001-06-07T00:00:00Z
609465549;present;38.0415;-122.11133;;10.4;;2001-06-12T00:00:00Z
609455187;present;38.08733;-122.34417;;2.9;;2001-06-12T00:00:00Z
295293834;present;37.04384;136.95778;;;;2001-07-29T00:00:00Z
295293833;present;37.04384;136.95778;;;;2001-07-29T00:00:00Z
295293832;present;37.04384;136.95778;;;;2001-07-29T00:00:00Z
295293656;present;37.04384;136.95778;;;;2001-07-29T00:00:00Z
295293655;present;37.04384;136.95778;;;;2001-07-29T00:00:00Z
295293654;present;37.04384;136.95778;;;;2001-07-29T00:00:00Z
295293653;present;37.04384;136.95778;;;;2001-07-29T00:00:00Z
609452835;present;37.70688;-122.26149;;3;;2001-08-10T00:00:00Z
609452826;present;37.70688;-122.26149;;3;;2001-08-10T00:00:00Z
609452816;present;37.70688;-122.26149;;3;;2001-08-10T00:00:00Z
609453945;present;37.65848;-122.3306;;7.5;;2001-08-23T00:00:00Z
609452896;present;37.65848;-122.3306;;7.5;;2001-08-23T00:00:00Z
609452887;present;37.65848;-122.3306;;7.5;;2001-08-23T00:00:00Z
609452872;present;37.65848;-122.3306;;7.5;;2001-08-23T00:00:00Z
609448949;present;38.01617;-122.43617;;4.6;;2001-09-10T00:00:00Z
609448963;present;38.0255;-122.3445;;3.9;;2001-09-10T00:00:00Z
609448933;present;38.03533;-122.37433;;11.6;;2001-09-10T00:00:00Z
609448996;present;38.046;-122.4235;;3.4;;2001-09-10T00:00:00Z
609448978;present;38.0585;-122.30567;;11.6;;2001-09-10T00:00:00Z
609449024;present;38.0655;-122.32483;;4.5;;2001-09-10T00:00:00Z
609448939;present;38.06567;-122.3655;;3.1;;2001-09-10T00:00:00Z
609448869;present;37.5795;-122.21683;;2.8;;2001-09-18T00:00:00Z
609448902;present;37.6055;-122.29233;;6.3;;2001-09-18T00:00:00Z
609448913;present;37.60883;-122.290833;;14.4;;2001-09-18T00:00:00Z
609454973;present;37.67516;-122.26842;;4.6;;2001-09-19T00:00:00Z
609453978;present;37.66416;-122.37455;;1;;2001-09-24T00:00:00Z
609455004;present;37.78026;-122.25491;;1;;2001-10-01T00:00:00Z
609454086;present;37.72896;-122.28686;;3.95;0.15;2001-10-24T00:00:00Z
609458528;present;37.78159;-122.38558;;1;;2001-10-28T00:00:00Z
609448805;present;37.02417;-122.3465;;3.4;;2001-10-29T00:00:00Z
609448782;present;37.99333;-122.4245;;18.6;;2001-10-29T00:00:00Z
609457992;present;37.66156;-122.35248;;7.2;;2001-11-01T00:00:00Z
609454715;present;37.6902;-122.32594;;9.75;0.25;2001-11-01T00:00:00Z
609458085;present;37.70949;-122.36846;;2.8;0.7;2001-11-08T00:00:00Z
609458587;present;37.64257;-122.27681;;6.3;0.8;2001-11-14T00:00:00Z
609458575;present;37.69775;-122.3049;;10.6;0.1;2001-11-14T00:00:00Z
609459345;present;37.81582;-122.36945;;1;;2001-11-30T00:00:00Z
609458369;present;37.63524;-122.32749;;5.2;;2002-01-16T00:00:00Z
609453881;present;37.64699;-122.26184;;4.7;;2002-01-30T00:00:00Z
609453901;present;37.60713;-122.28391;;15.5;;2002-02-13T00:00:00Z
1324923695;present;-36.127167;175.364389;;0;;2002-03-03T00:00:00Z
609459861;present;37.58956;-122.31585;;1;;2002-03-19T00:00:00Z
609458926;present;37.50075;-122.22431;;1;;2002-03-29T00:00:00Z
609458908;present;37.50246;-122.21137;;1;;2002-03-29T00:00:00Z
1830576353;present;33.61693;135.92496;;;;2002-04-16T00:00:00Z
609459473;present;37.62638;-122.21603;;4;0;2002-04-24T00:00:00Z
609453922;present;37.55213;-122.17718;;2.6;;2002-05-01T00:00:00Z
609458723;present;37.4975;-122.10467;;12.8;;2002-06-04T00:00:00Z
609458666;present;37.54067;-122.17367;;14;;2002-06-04T00:00:00Z
609458694;present;37.60683;-122.29;;16.5;;2002-06-04T00:00:00Z
609458681;present;37.6075;-122.301;;5.2;;2002-06-04T00:00:00Z
609458774;present;37.685;-122.24367;;4.3;;2002-06-05T00:00:00Z
609458779;present;37.70967;-122.36917;;4.9;;2002-06-05T00:00:00Z
609458612;present;38.02783;-122.43317;;4.6;;2002-08-08T00:00:00Z
609458625;present;38.039;-122.3635;;12.2;;2002-08-08T00:00:00Z
609458606;present;38.05067;-122.42733;;4.3;;2002-08-08T00:00:00Z
609458632;present;38.059;-122.30317;;11.3;;2002-08-08T00:00:00Z
609458594;present;38.063;-122.374;;4;;2002-08-08T00:00:00Z
609458638;present;38.04833;-122.28983;;3.4;;2002-08-12T00:00:00Z
609458650;present;38.06566;-122.31633;;3.4;;2002-08-12T00:00:00Z
609459734;present;37.76533;-122.28341;;1;;2002-09-13T00:00:00Z
609459705;present;37.77863;-122.25457;;1;;2002-09-13T00:00:00Z
609459704;present;37.77955;-122.25305;;1;;2002-09-13T00:00:00Z
609459690;present;37.77955;-122.25305;;1;;2002-09-13T00:00:00Z
609459998;present;37.5903;-122.31591;;1;;2002-09-16T00:00:00Z
609454147;present;37.91538;-122.47658;;1;;2002-09-19T00:00:00Z
609454581;present;37.5007;-122.22528;;1;;2002-09-20T00:00:00Z
609454593;present;37.50074;-122.22422;;1;;2002-09-20T00:00:00Z
609454516;present;37.85772;-122.34257;;4;0;2002-10-05T00:00:00Z
609460211;present;37.78144;-122.38715;;1;;2002-10-27T00:00:00Z
609463158;present;37.78155;-122.38555;;1;;2002-10-27T00:00:00Z
609460233;present;38.01825;-122.34925;;3.8;;2003-04-08T00:00:00Z
609455385;present;37.46887;-122.23226;;1;;2003-04-13T00:00:00Z
609455416;present;37.781567;-122.385567;;1;;2003-04-13T00:00:00Z
609465113;present;37.81584;-122.36952;;1;;2003-04-23T00:00:00Z
609465149;present;37.77843;-122.25167;;1;;2003-04-24T00:00:00Z
609465146;present;37.77843;-122.25167;;1;;2003-04-24T00:00:00Z
609465200;present;37.58872;-122.3175;;1;;2003-04-30T00:00:00Z
609465235;present;37.69591;-122.19315;;1;;2003-04-30T00:00:00Z
609460097;present;37.50083;-122.22434;;1;;2003-05-07T00:00:00Z
609465448;present;37.50231;-122.21137;;1;;2003-05-07T00:00:00Z
609465439;present;37.5029;-122.21408;;1;;2003-05-07T00:00:00Z
609463920;present;37.59052;-122.31766;;1;;2003-09-30T00:00:00Z
609463919;present;37.59052;-122.31766;;1;;2003-09-30T00:00:00Z
609464121;present;37.77913;-122.25211;;1;;2003-10-03T00:00:00Z
609463944;present;37.50244;-122.2133;;1;;2003-10-10T00:00:00Z
609464194;present;37.50292;-122.21404;;1;;2003-10-10T00:00:00Z
609464224;present;37.56072;-122.22427;;1;;2003-10-10T00:00:00Z
609464285;present;37.86481;-122.31417;;1;;2003-10-25T00:00:00Z
609466032;present;37.9735;-122.48131;;1;;2003-10-25T00:00:00Z
609464103;present;37.81583;-122.3696;;1;;2003-11-06T00:00:00Z
1829669331;present;34.723333;135.331389;;;;2007-05-01T00:00:00Z
1898287181;present;49.751583;-126.5125;;;;2007-07-01T00:00:00Z
1898309180;present;49.033033;-125.321717;;;;2007-07-03T00:00:00Z
1829669146;present;34.075556;134.594167;;;;2007-08-01T00:00:00Z
1829669169;present;34.729722;135.323333;;;;2007-08-01T00:00:00Z
1830846969;present;35.08798;136.83415;;;;2008-05-24T00:00:00Z
1830846961;present;35.08798;136.83415;;;;2008-05-24T00:00:00Z
2005513371;present;36.823325;10.31931;300;9;6;2009-01-01T00:00:00Z
2005513196;present;36.823325;10.31931;300;1.5;0.5;2009-01-01T00:00:00Z
1934421840;present;31.425;131.251667;;0;0;2011-10-11T00:00:00Z
891021923;present;37.915475;-122.386442;114;;;2012-11-09T00:00:00Z
1305176931;present;37.800483;-122.261513;;;;2014-01-05T14:53:37Z
891047386;present;37.805308;-122.256609;5;;;2014-02-17T11:48:11Z
1305177111;present;37.805376;-122.259329;;;;2014-02-23T14:14:06Z
891050301;present;37.806799;-122.260802;28;;;2014-02-23T14:52:15Z
891050338;present;37.806855;-122.26106;5;;;2014-02-23T14:57:30Z
891055654;present;37.805003;-122.259114;;;;2014-02-23T15:50:18Z
1898263339;present;49.0216;-123.842;;;;2014-05-19T00:00:00Z
1898271233;present;49.024;-123.848;;;;2014-06-27T00:00:00Z
1052592473;present;37.794182;-122.275985;;;;2014-08-30T14:52:23Z
1305179970;present;37.794014;-122.275894;;;;2014-08-30T15:57:50Z
1024222337;present;37.793641;-122.27603;176;;;2014-09-06T00:00:00Z
1272118680;present;37.512711;-122.194069;;;;2014-09-18T12:45:54Z
1272118687;present;37.512711;-122.194069;;;;2014-09-18T12:46:13Z
1305180538;present;37.793658;-122.276214;;;;2014-10-04T13:59:25Z
1088958453;present;37.588283;-122.317992;;;;2015-04-25T10:35:50Z
1098917069;present;37.803463;-122.260972;;;;2015-06-20T11:42:00Z
1135353964;present;37.799391;-122.261052;;;;2015-08-15T01:52:03Z
1305114328;present;37.485215;-122.236355;9723;;;2015-08-20T00:00:00Z
1143528264;present;37.793967;-122.2759;;;;2015-08-30T12:30:54Z
2517945706;present;37.916431;-122.38629;9;;;2015-10-04T14:45:02Z
1272076960;present;37.505372;-122.216442;506;;;2015-11-06T00:00:00Z
1305117840;present;37.803303;-122.258536;;;;2016-03-26T12:20:41Z
1265578155;present;37.794062;-122.277375;;;;2016-04-16T13:33:51Z
1273850994;present;38.129003;-122.865693;5;;;2016-06-19T08:24:24Z
1291133941;present;37.739397;-122.214092;106;;;2016-07-16T12:08:00Z
1291672999;present;37.806183;-122.26248;;;;2016-08-05T11:58:41Z
1305143473;present;37.80219;-122.397196;4;;;2016-08-16T11:20:00Z
1453227504;present;-36.876531;174.883204;118;;;2016-11-19T05:34:00Z
1453401412;present;37.738987;-122.375389;;;;2017-02-04T11:28:09Z
1500265708;present;37.793773;-122.276803;;;;2017-04-17T16:07:00Z
1500264296;present;37.793817;-122.276755;;;;2017-04-17T17:06:20Z
1500300540;present;33.143838;-117.337735;2;;;2017-04-22T15:51:00Z
1571130441;present;33.146095;-117.337597;2;;;2017-06-12T16:41:00Z
1571198384;present;37.79355;-122.27618;;;;2017-06-28T18:27:00Z
1586932600;present;37.798745;-122.259888;;;;2017-08-12T10:22:07Z
1677291815;present;37.802477;-122.261149;23;;;2017-10-11T11:55:00Z
1677317228;present;37.809383;-122.26245;;;;2017-10-18T09:33:10Z
1702469403;present;33.621427;-117.89278;8;;;2017-11-04T10:26:00Z
1702484688;present;32.785317;-117.231634;8;;;2017-11-05T00:00:00Z
1837770970;present;33.703063;-118.052911;5;;;2018-04-03T11:44:49Z
2350298827;present;37.804717;-122.257378;;;;2018-04-05T12:16:02Z
1850979465;present;37.798703;-122.259103;10;;;2018-06-13T11:48:00Z
1890682522;present;-36.924238;174.775874;125;;;2018-08-04T12:57:00Z
1913156635;present;37.799305;-122.25885;30;;;2018-09-07T11:35:36Z
1920791154;present;-36.638512;174.761867;4;;;2018-09-08T12:55:00Z
1947777351;present;51.517894;3.902618;;0.5;;2018-09-20T00:00:00Z
1920792869;present;44.673978;12.252122;1376;;;2018-09-23T14:47:01Z
1932317370;present;-36.926569;174.763671;31;;;2018-10-20T17:49:00Z
1932335530;present;-37.012825;174.607795;61;;;2018-10-22T16:06:00Z
1932335455;present;-37.013077;174.6081;61;;;2018-10-22T16:52:00Z
1932344933;present;-36.926208;174.706649;15;;;2018-10-24T15:34:00Z
1935606072;present;-36.923872;174.776347;1;;;2018-11-04T13:38:00Z
1944388366;present;-36.844581;174.72272;31;;;2018-11-10T16:46:00Z
2005271267;present;-36.844551;174.717482;31;;;2018-11-10T17:08:00Z
1944394752;present;-36.609547;174.715499;31;;;2018-11-11T15:29:00Z
1949998676;present;-36.927409;174.772731;122;;;2018-12-08T17:38:00Z
1978457808;present;-36.935131;174.737647;8;;;2018-12-16T15:00:00Z
1978839336;present;32.771695;-117.236939;4;;;2018-12-22T14:51:00Z
1986535193;present;-37.041255;175.520125;68;;;2018-12-30T16:51:02Z
1986564972;present;-37.00482;174.604007;61;;;2019-01-02T15:47:00Z
1990567067;present;-36.41911;174.730929;8;;;2019-01-23T05:05:00Z
1990631334;present;38.145106;-122.88195;;;;2019-01-30T14:05:00Z
1993759846;present;-36.932723;174.693736;15;;;2019-02-06T03:56:00Z
2005302132;present;-36.927379;174.775484;4;;;2019-02-09T04:04:00Z
2013013538;present;32.791187;-117.230203;5;;;2019-03-06T13:01:53Z
2013693363;present;32.79053;-117.229522;5;;;2019-03-06T13:07:28Z
2236274809;present;-36.932691;174.698026;32;;;2019-04-10T00:00:00Z
2242959605;present;37.803908;-122.26068;10;;;2019-05-10T14:28:34Z
2244226908;present;-37.073625;175.519303;5;;;2019-05-13T07:55:00Z
2244293363;present;-37.075144;175.518922;5;;;2019-05-21T14:59:49Z
2251913437;present;37.59037;-122.3147;10;;;2019-05-23T12:48:00Z
2517948803;present;-36.979426;174.632169;8;;;2019-05-24T11:15:00Z
2251967320;present;-37.007066;174.603869;31;;;2019-05-29T11:12:00Z
2251967556;present;-37.007595;174.604012;31;;;2019-05-29T12:10:00Z
2265844625;present;37.794023;-122.277345;10;;;2019-06-06T17:52:12Z
2517949510;present;37.793879;-122.277014;10;;;2019-06-06T18:36:46Z
2265807938;present;37.793876;-122.277049;10;;;2019-06-06T18:44:29Z
2265808700;present;37.79395;-122.277235;10;;;2019-06-06T19:39:05Z
2269261475;present;-37.01198;174.605891;;;;2019-06-16T03:48:00Z
2294623899;present;-36.850342;174.847807;4;;;2019-07-22T00:24:00Z
2311367326;present;37.790842;-122.2646;;;;2019-07-27T12:39:00Z
2311369184;present;37.78947;-122.265192;201;;;2019-07-27T12:57:00Z
2311348995;present;-37.012934;174.6061;31;;;2019-07-28T01:02:00Z
2423175993;present;37.755368;-122.251216;;;;2019-09-21T00:00:00Z
2423169180;present;-36.924178;174.776326;4;;;2019-09-21T03:26:00Z
2429413663;present;-37.049824;175.518144;;;;2019-09-29T13:01:00Z
2444993843;present;37.7107;-122.380013;10;;;2019-10-19T10:37:56Z
2451743376;present;37.648024;-122.385558;20;;;2019-11-06T13:05:40Z
2465183915;present;37.755177;-122.255234;;;;2019-11-23T15:34:14Z
1949850225;present;26.65;128.05;5566;;;
1324924145;present;-36.8195;174.744556;;;;
2444766512;present;1.367;103.8;;;;
215655186;present;26.606111;127.923889;;;;
856731501;present;30.4;32.316667;;1;;
215805619;present;33.359722;129.553056;;;;
380230122;present;33.89022;135.08452;;;;
380229545;present;34.72451;135.33336;;;;
215805527;present;34.833333;138.916667;;;;
856731507;present;34.886494;136.821842;;;;
1829668595;present;35.263611;139.585278;;;;
215805622;present;35.266667;139.583333;;;;
295293578;present;35.30646;136.79137;;;;
295293577;present;35.30646;136.79137;;;;
295293576;present;35.30646;136.79137;;;;
215655252;present;35.416667;139.666667;;;;
295293575;present;35.4577;139.58948;;;;
295293512;present;35.4577;139.58948;;;;
295293511;present;35.4577;139.58948;;;;
295293510;present;35.4577;139.58948;;;;
295293509;present;35.4577;139.58948;;;;
295293508;present;35.4577;139.58948;;;;
295293507;present;35.4577;139.58948;;;;
380230107;present;35.7567;140.03314;;;;
295293531;present;37.0854;136.91646;;;;
295293530;present;37.0854;136.91646;;;;
295293529;present;37.0854;136.91646;;;;
295293528;present;37.0854;136.91646;;;;
295293527;present;37.0854;136.91646;;;;
295293526;present;37.0854;136.91646;;;;
295293525;present;37.0854;136.91646;;;;
609391115;present;37.699379;-122.19006;;;;
609445500;present;37.7132;-122.298;;;;
609451750;present;38.1409;-122.282;;;;
609451426;present;38.1409;-122.282;;;;
609451409;present;38.1409;-122.282;;;;
609451117;present;38.1409;-122.282;;;;
609451073;present;38.1409;-122.282;;;;
609449545;present;38.1409;-122.282;;;;
609448329;present;38.1409;-122.282;;;;
609448326;present;38.1409;-122.282;;;;
609448194;present;38.1409;-122.282;;;;
1412766590;present;43.406544;3.621368;;;;
856731503;present;43.406544;3.621368;;;;
856695781;present;43.443697;3.68763;;;;
856731505;present;44.682813;12.242546;;;;